file,reverberation-time
wav/1st_baptist_nashville__stereo__1st_baptist_nashville_far_close.wav,2.59
wav/1st_baptist_nashville__stereo__1st_baptist_nashville_far_wide.wav,2.59
wav/1st_baptist_nashville__stereo__1st_baptist_nashville_balcony.wav,2.59
wav/alcuin_college_university_york__b-format__alcuin_s4r1_bformat.wav,1.61
wav/alcuin_college_university_york__b-format__s2r2_spist_bform.wav,1.61
wav/alcuin_college_university_york__b-format__s1r1_spist_bform.wav,1.61
wav/alcuin_college_university_york__b-format__s4r1_spist_bform.wav,1.61
wav/alcuin_college_university_york__b-format__alcuin_s1r2front_bformat.wav,1.61
wav/alcuin_college_university_york__b-format__alcuin_s2r1front_bformat.wav,1.61
wav/alcuin_college_university_york__b-format__s3r1_spist_bform.wav,1.61
wav/alcuin_college_university_york__b-format__s1r2_spist_bform.wav,1.61
wav/alcuin_college_university_york__b-format__alcuin_s4r2_bformat.wav,1.61
wav/alcuin_college_university_york__b-format__alcuin_s2r3_bformat.wav,1.61
wav/alcuin_college_university_york__b-format__alcuin_s2r2front_bformat.wav,1.61
wav/alcuin_college_university_york__b-format__s2r3_spist_bform.wav,1.61
wav/alcuin_college_university_york__b-format__alcuin_s3r1_bformat.wav,1.61
wav/alcuin_college_university_york__b-format__s2r1_spist_bform.wav,1.61
wav/alcuin_college_university_york__b-format__alcuin_s1r2_bformat.wav,1.61
wav/alcuin_college_university_york__b-format__alcuin_s1r1_bformat.wav,1.61
wav/alcuin_college_university_york__b-format__s4r2_spist_bform.wav,1.61
wav/alcuin_college_university_york__b-format__alcuin_s1r1front_bformat.wav,1.61
wav/alcuin_college_university_york__b-format__alcuin_s1r3_bformat.wav,1.61
wav/alcuin_college_university_york__b-format__alcuin_s2r3front_bformat.wav,1.61
wav/alcuin_college_university_york__b-format__alcuin_s3r1front_bformat.wav,1.61
wav/alcuin_college_university_york__b-format__alcuin_s1r3front_bformat.wav,1.61
wav/alcuin_college_university_york__b-format__alcuin_s2r2_bformat.wav,1.61
wav/alcuin_college_university_york__b-format__alcuin_s2r1_bformat.wav,1.61
wav/alcuin_college_university_york__b-format__s1r3_spist_bform.wav,1.61
wav/hamilton_mausoleum__stereo__hm2_000_ortf_48k.wav,12.45
wav/saint_lawrence_church_molenbeek_wersbeek_belgium__stereo__ir_church_saint-laurentius_molenbeek_bekkevoort_belgium.wav,1.57
wav/st_patricks_church_patrington__stereo__ortf_s2r2.wav,1.83
wav/st_patricks_church_patrington__stereo__ortf_s1r1.wav,1.83
wav/st_patricks_church_patrington__stereo__ortf_s3r3.wav,1.83
wav/arthur_sykes_rymer_auditorium_university_york__b-format__s1r2.wav,0.39
wav/arthur_sykes_rymer_auditorium_university_york__b-format__s2r7.wav,0.39
wav/arthur_sykes_rymer_auditorium_university_york__b-format__s1r4.wav,0.39
wav/arthur_sykes_rymer_auditorium_university_york__b-format__s2r6.wav,0.39
wav/arthur_sykes_rymer_auditorium_university_york__b-format__s2r4.wav,0.39
wav/arthur_sykes_rymer_auditorium_university_york__b-format__s1r7.wav,0.39
wav/heslington_church_vaa_group_2__b-format__impulseresponseheslingtonchurch-005.wav,1.75
wav/heslington_church_vaa_group_2__b-format__impulseresponseheslingtonchurch-001.wav,1.75
wav/heslington_church_vaa_group_2__b-format__impulseresponseheslingtonchurch-006.wav,1.75
wav/heslington_church_vaa_group_2__b-format__impulseresponseheslingtonchurch-004.wav,1.75
wav/heslington_church_vaa_group_2__b-format__impulseresponseheslingtonchurch-003.wav,1.75
wav/heslington_church_vaa_group_2__b-format__impulseresponseheslingtonchurch-002.wav,1.75
wav/heslington_church_vaa_group_2__b-format__impulseresponseheslingtonchurch-007.wav,1.75
wav/shrine_and_parish_church_all_saints_north_street____b-format__r3_90_bformat.wav,1.7
wav/shrine_and_parish_church_all_saints_north_street____b-format__r4_90_bformat.wav,1.7
wav/shrine_and_parish_church_all_saints_north_street____b-format__r1_90_bformat.wav,1.7
wav/shrine_and_parish_church_all_saints_north_street____b-format__r2_90_bformat.wav,1.7
wav/shrine_and_parish_church_all_saints_north_street____b-format__r6_90_bformat.wav,1.7
wav/shrine_and_parish_church_all_saints_north_street____b-format__r5_90_bformat.wav,1.7
wav/central_hall_university_york__b-format__ir_row_3c_centre_front.wav,1.11
wav/central_hall_university_york__b-format__ir_centre_stalls.wav,1.11
wav/central_hall_university_york__b-format__ir_row_1c_sl_front.wav,1.11
wav/central_hall_university_york__b-format__ir_row_3l_centre_mid.wav,1.11
wav/central_hall_university_york__b-format__ir_row_1l_sl_centre.wav,1.11
wav/central_hall_university_york__b-format__ir_row_2l_diagonal_mid.wav,1.11
wav/hoffmann_lime_kiln_langcliffeuk__b-format__ir_p6.wav,0.93
wav/hoffmann_lime_kiln_langcliffeuk__b-format__ir_p3.wav,0.93
wav/hoffmann_lime_kiln_langcliffeuk__b-format__ir_p1.wav,0.93
wav/hoffmann_lime_kiln_langcliffeuk__b-format__ir_p2.wav,0.93
wav/hoffmann_lime_kiln_langcliffeuk__b-format__ir_p5.wav,0.93
wav/hoffmann_lime_kiln_langcliffeuk__b-format__ir_p4.wav,0.93
wav/creswell_crags__b-format__2_s_mainlevel_r_mouth.wav,0.73
wav/creswell_crags__b-format__1_s_mainlevel_r_mainlevel2.wav,0.73
wav/creswell_crags__b-format__3_r_rhcbottom_s_acrosswater.wav,0.73
wav/creswell_crags__b-format__1_r_rhcbottom_s_rhc_bottom.wav,0.73
wav/creswell_crags__b-format__2_r_rhcbottom_s_rhc_mouth.wav,0.73
wav/creswell_crags__b-format__5_r_rhcmouth_s_rhcpath.wav,0.73
wav/creswell_crags__b-format__4_r_cragent_s_boathouse.wav,0.73
wav/creswell_crags__b-format__3_s_mainlevel_r_furtherin.wav,0.73
wav/creswell_crags__b-format__4_r_cragent_s_boathouse2.wav,0.73
wav/creswell_crags__b-format__6_r_pinholemouth_s_pinholepath.wav,0.73
wav/creswell_crags__b-format__7_r_churchmouth_s_churchpath.wav,0.73
wav/creswell_crags__b-format__1_s_mainlevel_r_mainlevel.wav,0.73
wav/creswell_crags__b-format__8_r_grundymouth_s_grundypath.wav,0.73
wav/innocent_railway_tunnel__b-format__tunnel_entrance_a_1way_bformat.wav,3.72
wav/innocent_railway_tunnel__b-format__tunnel_entrance_b_1way_bformat.wav,3.72
wav/innocent_railway_tunnel__b-format__tunnel_entrance_f_4way_bformat.wav,3.72
wav/innocent_railway_tunnel__b-format__tunnel_entrance_a_4way_bformat.wav,3.72
wav/innocent_railway_tunnel__b-format__tunnel_entrance_d_1way_bformat.wav,3.72
wav/innocent_railway_tunnel__b-format__tunnel_entrance_f_1way_bformat.wav,3.72
wav/innocent_railway_tunnel__b-format__middle_tunnel_4way_bformat.wav,3.72
wav/innocent_railway_tunnel__b-format__tunnel_entrance_b_4way_bformat.wav,3.72
wav/innocent_railway_tunnel__b-format__tunnel_entrance_e_4way_bformat.wav,3.72
wav/innocent_railway_tunnel__b-format__tunnel_entrance_e_1way_bformat.wav,3.72
wav/innocent_railway_tunnel__b-format__tunnel_entrance_c_4way_bformat.wav,3.72
wav/innocent_railway_tunnel__b-format__tunnel_entrance_d_4way_bformat.wav,3.72
wav/innocent_railway_tunnel__b-format__tunnel_entrance_c_1way_bformat.wav,3.72
wav/innocent_railway_tunnel__b-format__middle_tunnel_1way_bformat.wav,3.72
wav/spokane_womans_club__stereo__spokane_womans_club_ir.wav,2.52
wav/terrys_factory_warehouse__stereo__terrys_warehouse_stereo.wav,10.22
wav/jack_lyons_concert_hall_university_york__b-format__rir_jack_lyons_lp3_96k.wav,1.89
wav/jack_lyons_concert_hall_university_york__b-format__rir_jack_lyons_lp1_96k.wav,1.89
wav/jack_lyons_concert_hall_university_york__b-format__rir_jack_lyons_lp2_96k.wav,1.89
wav/jack_lyons_concert_hall_university_york__b-format__rir_jack_lyons_lp4_96k.wav,1.89
wav/sports_centre_university_york__stereo__sportscentre_ortf.wav,6.81
wav/terrys_typing_room__stereo__terrys_typing_ortf.wav,2.98
wav/dixon_studio_theatre_university_york__b-format__r4_rir_bformat.wav,1.09
wav/dixon_studio_theatre_university_york__b-format__r1_rir_bformat.wav,1.09
wav/dixon_studio_theatre_university_york__b-format__r3_rir_bformat.wav,1.09
wav/dixon_studio_theatre_university_york__b-format__r2_rir_bformat.wav,1.09
wav/dixon_studio_theatre_university_york__b-format__r5_rir_bformat.wav,1.09
wav/koli_national_park_summer__b-format__koli_summer_site3_1way_bformat.wav,2.1
wav/koli_national_park_summer__b-format__koli_summer_site3_4way_bformat.wav,2.1
wav/koli_national_park_summer__b-format__koli_summer_site4_4way_bformat.wav,2.1
wav/koli_national_park_summer__b-format__koli_summer_site2_4way_bformat.wav,2.1
wav/koli_national_park_summer__b-format__koli_summer_site1_4way_bformat.wav,2.1
wav/koli_national_park_summer__b-format__koli_summer_site2_1way_bformat.wav,2.1
wav/koli_national_park_summer__b-format__koli_summer_site1_1way_bformat.wav,2.1
wav/koli_national_park_summer__b-format__koli_summer_site4_1way_bformat.wav,2.1
wav/spring_lane_building_university_york__stereo__sp1_mp5_ir_stereo_trimmed.wav,1.38
wav/spring_lane_building_university_york__stereo__sp2_mp4_ir_stereo_trimmed.wav,1.38
wav/spring_lane_building_university_york__stereo__sp2_mp2_ir_stereo_trimmed.wav,1.38
wav/spring_lane_building_university_york__stereo__sp1_mp4_ir_stereo_trimmed.wav,1.38
wav/spring_lane_building_university_york__stereo__sp2_mp3_ir_stereo_trimmed.wav,1.38
wav/spring_lane_building_university_york__stereo__sp1_mp2_ir_stereo_trimmed.wav,1.38
wav/spring_lane_building_university_york__stereo__stairwell_ir_stereo_trimmed.wav,1.38
wav/spring_lane_building_university_york__stereo__sp2_mp1_ir_stereo_trimmed.wav,1.38
wav/spring_lane_building_university_york__stereo__sp1_mp3_ir_stereo_trimmed.wav,1.38
wav/spring_lane_building_university_york__stereo__sp1_mp1_ir_stereo_trimmed.wav,1.38
wav/trollers_gill__b-format__dales_site3_4way_bformat.wav,0.47
wav/trollers_gill__b-format__dales_site1_4way_bformat.wav,0.47
wav/trollers_gill__b-format__dales_site2_4way_bformat.wav,0.47
wav/trollers_gill__b-format__dales_site1_1way_bformat.wav,0.47
wav/trollers_gill__b-format__dales_site3_1way_bformat.wav,0.47
wav/trollers_gill__b-format__dales_site2_1way_bformat.wav,0.47
wav/elveden_hall_suffolk_england__stereo__4a_hats_cloaks_visitors.wav,4.26
wav/elveden_hall_suffolk_england__stereo__1a_marble_hall.wav,4.26
wav/elveden_hall_suffolk_england__stereo__3a_hats_cloaks_the_lord.wav,4.26
wav/elveden_hall_suffolk_england__stereo__18a_smoking_room.wav,4.26
wav/koli_national_park_winter__b-format__koli_snow_site4_4way_bformat.wav,1.06
wav/koli_national_park_winter__b-format__koli_snow_site3_1way_bformat.wav,1.06
wav/koli_national_park_winter__b-format__koli_snow_site1_4way_bformat.wav,1.06
wav/koli_national_park_winter__b-format__koli_snow_site1_1way_bformat.wav,1.06
wav/koli_national_park_winter__b-format__koli_snow_site2_4way_bformat.wav,1.06
wav/koli_national_park_winter__b-format__koli_snow_site4_1way_bformat.wav,1.06
wav/koli_national_park_winter__b-format__koli_snow_site3_4way_bformat.wav,1.06
wav/koli_national_park_winter__b-format__koli_snow_site2_1way_bformat.wav,1.06
wav/stairway_university_york__stereo__stairwell_ortf.wav,1.23
wav/tvisongur_sound_sculpture_iceland_model__stereo__source4domedoreceiver3domesibinaural.wav,1.93
wav/tvisongur_sound_sculpture_iceland_model__stereo__source2domelareceiver3domesibinaural.wav,1.93
wav/tvisongur_sound_sculpture_iceland_model__stereo__source1domefareceiver3domesibinaural.wav,1.93
wav/tvisongur_sound_sculpture_iceland_model__stereo__source1domefareceiver4domedobinaural.wav,1.93
wav/tvisongur_sound_sculpture_iceland_model__stereo__source3domesireceiver2domelabinaural.wav,1.93
wav/tvisongur_sound_sculpture_iceland_model__stereo__source5domemireceiver2domelabinaural.wav,1.93
wav/tvisongur_sound_sculpture_iceland_model__stereo__source5domemireceiver1domefabinaural.wav,1.93
wav/tvisongur_sound_sculpture_iceland_model__stereo__source1domefareceiver5domemibinaural.wav,1.93
wav/tvisongur_sound_sculpture_iceland_model__stereo__source4domedoreceiver1domefabinaural.wav,1.93
wav/tvisongur_sound_sculpture_iceland_model__stereo__source1domefareceiver2domelabinaural.wav,1.93
wav/tvisongur_sound_sculpture_iceland_model__stereo__source2domelareceiver4domedobinaural.wav,1.93
wav/tvisongur_sound_sculpture_iceland_model__stereo__source4domedoreceiver2domelabinaural.wav,1.93
wav/tvisongur_sound_sculpture_iceland_model__stereo__source3domesireceiver5domemibinaural.wav,1.93
wav/tvisongur_sound_sculpture_iceland_model__stereo__source3domesireceiver4domedobinaural.wav,1.93
wav/tvisongur_sound_sculpture_iceland_model__stereo__source5domemireceiver4domedobinaural.wav,1.93
wav/tvisongur_sound_sculpture_iceland_model__stereo__source5domemireceiver3domesibinaural.wav,1.93
wav/tvisongur_sound_sculpture_iceland_model__stereo__source2domelareceiver1domefabinaural.wav,1.93
wav/tvisongur_sound_sculpture_iceland_model__stereo__source3domesireceiver1domefabinaural.wav,1.93
wav/tvisongur_sound_sculpture_iceland_model__stereo__source4domedoreceiver5domemibinaural.wav,1.93
wav/tvisongur_sound_sculpture_iceland_model__stereo__source2domelareceiver5domemibinaural.wav,1.93
wav/falkland_palace_bottle_dungeon__b-format__bottledungeon1_sf_edited.wav,1.6
wav/st_andrews_church__stereo__lyd3_000_ortf_48k.wav,1.22
wav/tyndall_bruce_monument__stereo__tyndall_bruce_ortf.wav,1.74
wav/falkland_palace_royal_tennis_court__stereo__falkland_tennis_court_ortf.wav,6.41
wav/lady_chapel_st_albans_cathedral__stereo__stalbans_b_ortf.wav,2.49
wav/lady_chapel_st_albans_cathedral__stereo__stalbans_b_binaural.wav,2.49
wav/lady_chapel_st_albans_cathedral__stereo__stalbans_a_binaural.wav,2.49
wav/lady_chapel_st_albans_cathedral__stereo__stalbans_a_ortf.wav,2.49
wav/st_georges_episcopal_church__stereo__st_georges_far.wav,2.58
wav/st_georges_episcopal_church__stereo__st_georges_close.wav,2.58
wav/st_georges_episcopal_church__stereo__st_georges_medium.wav,2.58
wav/usina_del_arte_symphony_hall__stereo__usina_main_s1_p4.wav,2.08
wav/usina_del_arte_symphony_hall__stereo__usina_main_s1_p1.wav,2.08
wav/usina_del_arte_symphony_hall__stereo__usina_main_s1_p5.wav,2.08
wav/usina_del_arte_symphony_hall__stereo__usina_main_s2_p3.wav,2.08
wav/usina_del_arte_symphony_hall__stereo__usina_main_s2_p1.wav,2.08
wav/usina_del_arte_symphony_hall__stereo__usina_main_s1_p3.wav,2.08
wav/usina_del_arte_symphony_hall__stereo__usina_main_s1_p2.wav,2.08
wav/usina_del_arte_symphony_hall__stereo__usina_main_s2_p5.wav,2.08
wav/usina_del_arte_symphony_hall__stereo__usina_main_s2_p2.wav,2.08
wav/usina_del_arte_symphony_hall__stereo__usina_main_s2_p4.wav,2.08
wav/maes_howe__stereo__mh3_000_ortf_48k.wav,0.58
wav/st_margarets_church_national_centre_early_music__b-format__r23_2nd_configuration.wav,1.49
wav/st_margarets_church_national_centre_early_music__b-format__r24_3rd_configuration.wav,1.49
wav/st_margarets_church_national_centre_early_music__b-format__r11_3rd_configuration.wav,1.49
wav/st_margarets_church_national_centre_early_music__b-format__r5_1st_configuration.wav,1.49
wav/st_margarets_church_national_centre_early_music__b-format__r12_2nd_configuration.wav,1.49
wav/st_margarets_church_national_centre_early_music__b-format__r5_2nd_configuration.wav,1.49
wav/st_margarets_church_national_centre_early_music__b-format__r16_3rd_configuration.wav,1.49
wav/st_margarets_church_national_centre_early_music__b-format__r25_2nd_configuration.wav,1.49
wav/st_margarets_church_national_centre_early_music__b-format__r10_1st_configuration.wav,1.49
wav/st_margarets_church_national_centre_early_music__b-format__r11_2nd_configuration.wav,1.49
wav/st_margarets_church_national_centre_early_music__b-format__r1_3rd_configuration.wav,1.49
wav/st_margarets_church_national_centre_early_music__b-format__r9_2nd_configuration.wav,1.49
wav/st_margarets_church_national_centre_early_music__b-format__r5_3rd_configuration.wav,1.49
wav/st_margarets_church_national_centre_early_music__b-format__r16_2nd_configuration.wav,1.49
wav/st_margarets_church_national_centre_early_music__b-format__r18_1st_configuration.wav,1.49
wav/st_margarets_church_national_centre_early_music__b-format__r19_3rd_configuration.wav,1.49
wav/st_margarets_church_national_centre_early_music__b-format__r15_3rd_configuration.wav,1.49
wav/st_margarets_church_national_centre_early_music__b-format__r26_3rd_configuration.wav,1.49
wav/st_margarets_church_national_centre_early_music__b-format__r23_3rd_configuration.wav,1.49
wav/st_margarets_church_national_centre_early_music__b-format__r9_1st_configuration.wav,1.49
wav/st_margarets_church_national_centre_early_music__b-format__r10_3rd_configuration.wav,1.49
wav/st_margarets_church_national_centre_early_music__b-format__r14_3rd_configuration.wav,1.49
wav/st_margarets_church_national_centre_early_music__b-format__r18_2nd_configuration.wav,1.49
wav/st_margarets_church_national_centre_early_music__b-format__r19_2nd_configuration.wav,1.49
wav/st_margarets_church_national_centre_early_music__b-format__r12_3rd_configuration.wav,1.49
wav/st_margarets_church_national_centre_early_music__b-format__r13_2nd_configuration.wav,1.49
wav/st_margarets_church_national_centre_early_music__b-format__r2_3rd_configuration.wav,1.49
wav/st_margarets_church_national_centre_early_music__b-format__r11_1st_configuration.wav,1.49
wav/st_margarets_church_national_centre_early_music__b-format__r14_1st_configuration.wav,1.49
wav/st_margarets_church_national_centre_early_music__b-format__r25_1st_configuration.wav,1.49
wav/st_margarets_church_national_centre_early_music__b-format__r21_3rd_configuration.wav,1.49
wav/st_margarets_church_national_centre_early_music__b-format__r20_1st_configuration.wav,1.49
wav/st_margarets_church_national_centre_early_music__b-format__r8_1st_configuration.wav,1.49
wav/st_margarets_church_national_centre_early_music__b-format__r24_1st_configuration.wav,1.49
wav/st_margarets_church_national_centre_early_music__b-format__r14_2nd_configuration.wav,1.49
wav/st_margarets_church_national_centre_early_music__b-format__r22_3rd_configuration.wav,1.49
wav/st_margarets_church_national_centre_early_music__b-format__r7_1st_configuration.wav,1.49
wav/st_margarets_church_national_centre_early_music__b-format__r6_2nd_configuration.wav,1.49
wav/st_margarets_church_national_centre_early_music__b-format__r4_2nd_configuration.wav,1.49
wav/st_margarets_church_national_centre_early_music__b-format__r9_3rd_configuration.wav,1.49
wav/st_margarets_church_national_centre_early_music__b-format__r3_1st_configuration.wav,1.49
wav/st_margarets_church_national_centre_early_music__b-format__r20_2nd_configuration.wav,1.49
wav/st_margarets_church_national_centre_early_music__b-format__r1_1st_configuration.wav,1.49
wav/st_margarets_church_national_centre_early_music__b-format__r13_1st_configuration.wav,1.49
wav/st_margarets_church_national_centre_early_music__b-format__r6_1st_configuration.wav,1.49
wav/st_margarets_church_national_centre_early_music__b-format__r7_2nd_configuration.wav,1.49
wav/st_margarets_church_national_centre_early_music__b-format__r17_3rd_configuration.wav,1.49
wav/st_margarets_church_national_centre_early_music__b-format__r4_3rd_configuration.wav,1.49
wav/st_margarets_church_national_centre_early_music__b-format__r19_1st_configuration.wav,1.49
wav/st_margarets_church_national_centre_early_music__b-format__r23_1st_configuration.wav,1.49
wav/st_margarets_church_national_centre_early_music__b-format__r8_3rd_configuration.wav,1.49
wav/st_margarets_church_national_centre_early_music__b-format__r2_1st_configuration.wav,1.49
wav/st_margarets_church_national_centre_early_music__b-format__r21_1st_configuration.wav,1.49
wav/st_margarets_church_national_centre_early_music__b-format__r22_1st_configuration.wav,1.49
wav/st_margarets_church_national_centre_early_music__b-format__r10_2nd_configuration.wav,1.49
wav/st_margarets_church_national_centre_early_music__b-format__r17_2nd_configuration.wav,1.49
wav/st_margarets_church_national_centre_early_music__b-format__r25_3rd_configuration.wav,1.49
wav/st_margarets_church_national_centre_early_music__b-format__r26_1st_configuration.wav,1.49
wav/st_margarets_church_national_centre_early_music__b-format__r21_2nd_configuration.wav,1.49
wav/st_margarets_church_national_centre_early_music__b-format__r17_1st_configuration.wav,1.49
wav/st_margarets_church_national_centre_early_music__b-format__r8_2nd_configuration.wav,1.49
wav/st_margarets_church_national_centre_early_music__b-format__r4_1st_configuration.wav,1.49
wav/st_margarets_church_national_centre_early_music__b-format__r3_2nd_configuration.wav,1.49
wav/st_margarets_church_national_centre_early_music__b-format__r7_3rd_configuration.wav,1.49
wav/st_margarets_church_national_centre_early_music__b-format__r12_1st_configuration.wav,1.49
wav/st_margarets_church_national_centre_early_music__b-format__r24_2nd_configuration.wav,1.49
wav/st_margarets_church_national_centre_early_music__b-format__r22_2nd_configuration.wav,1.49
wav/st_margarets_church_national_centre_early_music__b-format__r3_3rd_configuration.wav,1.49
wav/st_margarets_church_national_centre_early_music__b-format__r6_3rd_configuration.wav,1.49
wav/st_margarets_church_national_centre_early_music__b-format__r15_1st_configuration.wav,1.49
wav/st_margarets_church_national_centre_early_music__b-format__r1_2nd_configuration.wav,1.49
wav/st_margarets_church_national_centre_early_music__b-format__r18_3rd_configuration.wav,1.49
wav/st_margarets_church_national_centre_early_music__b-format__r16_1st_configuration.wav,1.49
wav/st_margarets_church_national_centre_early_music__b-format__r13_3rd_configuration.wav,1.49
wav/st_margarets_church_national_centre_early_music__b-format__r15_2nd_configuration.wav,1.49
wav/st_margarets_church_national_centre_early_music__b-format__r20_3rd_configuration.wav,1.49
wav/st_margarets_church_national_centre_early_music__b-format__r26_2nd_configuration.wav,1.49
wav/st_margarets_church_national_centre_early_music__b-format__r2_2nd_configuration.wav,1.49
wav/genesis_6_studio_live_room_drum_set__b-format__crash_ir.wav,0.21
wav/genesis_6_studio_live_room_drum_set__b-format__hh_ir.wav,0.21
wav/genesis_6_studio_live_room_drum_set__b-format__snare_ir.wav,0.21
wav/genesis_6_studio_live_room_drum_set__b-format__kick_ir.wav,0.21
wav/genesis_6_studio_live_room_drum_set__b-format__tomb_ir.wav,0.21
wav/genesis_6_studio_live_room_drum_set__b-format__toma_ir.wav,0.21
wav/genesis_6_studio_live_room_drum_set__b-format__ride_ir.wav,0.21
wav/genesis_6_studio_live_room_drum_set__b-format__tomc_ir.wav,0.21
wav/newgrange__b-format__newgrange_s1r1_2.wav,0.25
wav/newgrange__b-format__newgrange_s1r5.wav,0.25
wav/newgrange__b-format__newgrange_s4r2.wav,0.25
wav/newgrange__b-format__newgrange_s1r6.wav,0.25
wav/newgrange__b-format__newgrange_s4r1.wav,0.25
wav/newgrange__b-format__newgrange_s1r4.wav,0.25
wav/newgrange__b-format__newgrange_s1r1.wav,0.25
wav/newgrange__b-format__newgrange_s2r1.wav,0.25
wav/newgrange__b-format__newgrange_s1r3.wav,0.25
wav/newgrange__b-format__newgrange_s1r2.wav,0.25
wav/newgrange__b-format__newgrange_s3r1.wav,0.25
wav/newgrange__b-format__newgrange_s6r1.wav,0.25
wav/newgrange__b-format__newgrange_s5r1.wav,0.25
wav/newgrange__b-format__newgrange_s1r5_2.wav,0.25
wav/st_margarets_church_ncem_5_piece_band_spatial_measurements__stereo__1_c414_l.wav,1.35
wav/st_margarets_church_ncem_5_piece_band_spatial_measurements__stereo__3_nt1_r.wav,1.35
wav/st_margarets_church_ncem_5_piece_band_spatial_measurements__stereo__5_c414_l.wav,1.35
wav/st_margarets_church_ncem_5_piece_band_spatial_measurements__stereo__2_nt1_l.wav,1.35
wav/st_margarets_church_ncem_5_piece_band_spatial_measurements__stereo__2_nt1_r.wav,1.35
wav/st_margarets_church_ncem_5_piece_band_spatial_measurements__stereo__1_nt1_r.wav,1.35
wav/st_margarets_church_ncem_5_piece_band_spatial_measurements__stereo__5_c414_r.wav,1.35
wav/st_margarets_church_ncem_5_piece_band_spatial_measurements__stereo__4_c414_r.wav,1.35
wav/st_margarets_church_ncem_5_piece_band_spatial_measurements__stereo__1_c414_r.wav,1.35
wav/st_margarets_church_ncem_5_piece_band_spatial_measurements__stereo__2_c414_r.wav,1.35
wav/st_margarets_church_ncem_5_piece_band_spatial_measurements__stereo__2_c414_l.wav,1.35
wav/st_margarets_church_ncem_5_piece_band_spatial_measurements__stereo__4_nt1_r.wav,1.35
wav/st_margarets_church_ncem_5_piece_band_spatial_measurements__stereo__3_nt1_l.wav,1.35
wav/st_margarets_church_ncem_5_piece_band_spatial_measurements__stereo__1_nt1_l.wav,1.35
wav/st_margarets_church_ncem_5_piece_band_spatial_measurements__stereo__5_nt1_l.wav,1.35
wav/st_margarets_church_ncem_5_piece_band_spatial_measurements__stereo__3_c414_l.wav,1.35
wav/st_margarets_church_ncem_5_piece_band_spatial_measurements__stereo__5_nt1_r.wav,1.35
wav/st_margarets_church_ncem_5_piece_band_spatial_measurements__stereo__4_nt1_l.wav,1.35
wav/st_margarets_church_ncem_5_piece_band_spatial_measurements__stereo__4_c414_l.wav,1.35
wav/st_margarets_church_ncem_5_piece_band_spatial_measurements__stereo__3_c414_r.wav,1.35
wav/york_guildhall_council_chamber__b-format__councilchamber_s2_r3_ir_1_96000.wav,0.93
wav/york_guildhall_council_chamber__b-format__councilchamber_s2_r4_ir_1_96000.wav,0.93
wav/york_guildhall_council_chamber__b-format__councilchamber_s2_r1_ir_1_96000.wav,0.93
wav/york_guildhall_council_chamber__b-format__councilchamber_s3_r1_ir_1_96000.wav,0.93
wav/york_guildhall_council_chamber__b-format__councilchamber_s3_r3_ir_1_96000.wav,0.93
wav/york_guildhall_council_chamber__b-format__councilchamber_s1_r3_ir_1_96000.wav,0.93
wav/york_guildhall_council_chamber__b-format__councilchamber_s3_r2_ir_1_96000.wav,0.93
wav/york_guildhall_council_chamber__b-format__councilchamber_s1_r2_ir_1_96000.wav,0.93
wav/york_guildhall_council_chamber__b-format__councilchamber_s3_r4_ir_1_96000.wav,0.93
wav/york_guildhall_council_chamber__b-format__councilchamber_s1_r4_ir_1_96000.wav,0.93
wav/york_guildhall_council_chamber__b-format__councilchamber_s1_r1_ir_1_96000.wav,0.93
wav/york_guildhall_council_chamber__b-format__councilchamber_s2_r2_ir_1_96000.wav,0.93
wav/gill_heads_mine__b-format__mine_site1_1way_bformat.wav,0.88
wav/gill_heads_mine__b-format__mine_site2_1way_bformat.wav,0.88
wav/gill_heads_mine__b-format__mine_site2_2way_bformat.wav,0.88
wav/gill_heads_mine__b-format__mine_site1_2way_bformat.wav,0.88
wav/r1_nuclear_reactor_hall__stereo__r1_ortf.wav,5.43
wav/r1_nuclear_reactor_hall__stereo__r1_ortf-48k.wav,5.43
wav/st_marys_abbey_reconstruction__stereo__phase2_stereo.wav,13.73
wav/st_marys_abbey_reconstruction__stereo__phase1_stereo.wav,13.73
wav/st_marys_abbey_reconstruction__stereo__phase3_stereo.wav,13.73
wav/york_minster__stereo__minster1_000_ortf_48k.wav,8.4
wav/ron_cooke_hub_university_york__b-format__tsfthr.wav,1.53
wav/ron_cooke_hub_university_york__b-format__tssr.wav,1.53
wav/ron_cooke_hub_university_york__b-format__tstr_ir.wav,1.53
wav/ron_cooke_hub_university_york__b-format__sssr.wav,1.53
wav/ron_cooke_hub_university_york__b-format__sstr.wav,1.53
wav/ron_cooke_hub_university_york__b-format__tsfr.wav,1.53
wav/ron_cooke_hub_university_york__b-format__fstr.wav,1.53
wav/ron_cooke_hub_university_york__b-format__ssfr.wav,1.53
wav/ron_cooke_hub_university_york__b-format__fsfr.wav,1.53
wav/ron_cooke_hub_university_york__b-format__fssr.wav,1.53
wav/st_matthews_church_walsall__mono__ir_-_location_5_s2_-_r1.wav,1.82
wav/st_matthews_church_walsall__mono__ir_-_location_3_s1_-_r3.wav,1.82
wav/st_matthews_church_walsall__mono__ir_-_location_1_s1_-_r1.wav,1.82
wav/st_matthews_church_walsall__mono__ir_-_location_2_s1_-_r2.wav,1.82
wav/st_matthews_church_walsall__mono__ir_-_location_6_s2_-_r4.wav,1.82
wav/st_matthews_church_walsall__mono__ir_-_location_4_s2_-_r3.wav,1.82
